filename,title,keywords,category,releases
stock_0000_pattern_floral.png,Roses And Peonies Flat Vector Seamless Pattern - Pastel Variant,"seamless pattern, seamless, pattern, tileable, repeating, background, textile, fabric, wallpaper, wrapping paper, surface design, print, decor, decorative, ornament, digital paper, scrapbooking, rose, peony, roses, peonies, rose pattern, peony pattern, romantic, elegant, garden, bouquet, bloom, blossom, feminine, wedding, bridal, spring flowers, classic floral, flat design, vector, vector art, vector illustration, flat style, modern design, graphic design, clean lines, minimalist, digital art, clipart, simple, pastel, pastel colors, soft colors",Patterns,Not Required
stock_0001_pattern_floral.png,Roses And Peonies Flat Vector Seamless Pattern - Navy Variant,"seamless pattern, seamless, pattern, tileable, repeating, background, textile, fabric, wallpaper, wrapping paper, surface design, print, decor, decorative, ornament, digital paper, scrapbooking, rose, peony, roses, peonies, rose pattern, peony pattern, romantic, elegant, garden, bouquet, bloom, blossom, feminine, wedding, bridal, spring flowers, classic floral, flat design, vector, vector art, vector illustration, flat style, modern design, graphic design, clean lines, minimalist, digital art, clipart, simple, navy, navy blue, dark blue",Patterns,Not Required
stock_0002_pattern_floral.png,Roses And Peonies Flat Vector Seamless Pattern - Earth Variant,"seamless pattern, seamless, pattern, tileable, repeating, background, textile, fabric, wallpaper, wrapping paper, surface design, print, decor, decorative, ornament, digital paper, scrapbooking, rose, peony, roses, peonies, rose pattern, peony pattern, romantic, elegant, garden, bouquet, bloom, blossom, feminine, wedding, bridal, spring flowers, classic floral, flat design, vector, vector art, vector illustration, flat style, modern design, graphic design, clean lines, minimalist, digital art, clipart, simple, earth tones, terracotta, sage",Patterns,Not Required
stock_0003_pattern_floral.png,Roses And Peonies Watercolor Seamless Pattern - Pastel Variant,"seamless pattern, seamless, pattern, tileable, repeating, background, textile, fabric, wallpaper, wrapping paper, surface design, print, decor, decorative, ornament, digital paper, scrapbooking, rose, peony, roses, peonies, rose pattern, peony pattern, romantic, elegant, garden, bouquet, bloom, blossom, feminine, wedding, bridal, spring flowers, classic floral, watercolor, watercolour, hand painted, artistic, soft, gentle, pastel, aquarelle, painting, brushstroke, texture, traditional art, pastel colors, soft colors, light",Patterns,Not Required
stock_0004_pattern_floral.png,Roses And Peonies Watercolor Seamless Pattern - Navy Variant,"seamless pattern, seamless, pattern, tileable, repeating, background, textile, fabric, wallpaper, wrapping paper, surface design, print, decor, decorative, ornament, digital paper, scrapbooking, rose, peony, roses, peonies, rose pattern, peony pattern, romantic, elegant, garden, bouquet, bloom, blossom, feminine, wedding, bridal, spring flowers, classic floral, watercolor, watercolour, hand painted, artistic, soft, gentle, pastel, aquarelle, painting, brushstroke, texture, traditional art, navy, navy blue, dark blue",Patterns,Not Required
stock_0005_pattern_floral.png,Roses And Peonies Watercolor Seamless Pattern - Earth Variant,"seamless pattern, seamless, pattern, tileable, repeating, background, textile, fabric, wallpaper, wrapping paper, surface design, print, decor, decorative, ornament, digital paper, scrapbooking, rose, peony, roses, peonies, rose pattern, peony pattern, romantic, elegant, garden, bouquet, bloom, blossom, feminine, wedding, bridal, spring flowers, classic floral, watercolor, watercolour, hand painted, artistic, soft, gentle, pastel, aquarelle, painting, brushstroke, texture, traditional art, earth tones, terracotta, sage",Patterns,Not Required
stock_0006_pattern_floral.png,Roses And Peonies Hand-Drawn Sketch Seamless Pattern - Pastel Variant,"seamless pattern, seamless, pattern, tileable, repeating, background, textile, fabric, wallpaper, wrapping paper, surface design, print, decor, decorative, ornament, digital paper, scrapbooking, rose, peony, roses, peonies, rose pattern, peony pattern, romantic, elegant, garden, bouquet, bloom, blossom, feminine, wedding, bridal, spring flowers, classic floral, hand drawn, sketch, line art, ink, doodle, illustration, pencil, drawing, artistic, handmade, organic, freehand, pastel, pastel colors, soft colors",Patterns,Not Required
stock_0007_pattern_floral.png,Roses And Peonies Hand-Drawn Sketch Seamless Pattern - Navy Variant,"seamless pattern, seamless, pattern, tileable, repeating, background, textile, fabric, wallpaper, wrapping paper, surface design, print, decor, decorative, ornament, digital paper, scrapbooking, rose, peony, roses, peonies, rose pattern, peony pattern, romantic, elegant, garden, bouquet, bloom, blossom, feminine, wedding, bridal, spring flowers, classic floral, hand drawn, sketch, line art, ink, doodle, illustration, pencil, drawing, artistic, handmade, organic, freehand, navy, navy blue, dark blue",Patterns,Not Required
stock_0008_pattern_floral.png,Roses And Peonies Hand-Drawn Sketch Seamless Pattern - Earth Variant,"seamless pattern, seamless, pattern, tileable, repeating, background, textile, fabric, wallpaper, wrapping paper, surface design, print, decor, decorative, ornament, digital paper, scrapbooking, rose, peony, roses, peonies, rose pattern, peony pattern, romantic, elegant, garden, bouquet, bloom, blossom, feminine, wedding, bridal, spring flowers, classic floral, hand drawn, sketch, line art, ink, doodle, illustration, pencil, drawing, artistic, handmade, organic, freehand, earth tones, terracotta, sage",Patterns,Not Required
stock_0009_pattern_floral.png,Wildflowers And Daisies Flat Vector Seamless Pattern - Pastel Variant,"seamless pattern, seamless, pattern, tileable, repeating, background, textile, fabric, wallpaper, wrapping paper, surface design, print, decor, decorative, ornament, digital paper, scrapbooking, wildflower, daisy, daisies, wildflowers, meadow, field, botanical, natural, countryside, cottage, rustic, garden flowers, spring meadow, folk, prairie, flat design, vector, vector art, vector illustration, flat style, modern design, graphic design, clean lines, minimalist, digital art, clipart, simple, pastel, pastel colors, soft colors, light, pale",Patterns,Not Required
stock_0010_pattern_floral.png,Wildflowers And Daisies Flat Vector Seamless Pattern - Navy Variant,"seamless pattern, seamless, pattern, tileable, repeating, background, textile, fabric, wallpaper, wrapping paper, surface design, print, decor, decorative, ornament, digital paper, scrapbooking, wildflower, daisy, daisies, wildflowers, meadow, field, botanical, natural, countryside, cottage, rustic, garden flowers, spring meadow, folk, prairie, flat design, vector, vector art, vector illustration, flat style, modern design, graphic design, clean lines, minimalist, digital art, clipart, simple, navy, navy blue, dark blue, gold, luxury",Patterns,Not Required
stock_0011_pattern_floral.png,Wildflowers And Daisies Flat Vector Seamless Pattern - Earth Variant,"seamless pattern, seamless, pattern, tileable, repeating, background, textile, fabric, wallpaper, wrapping paper, surface design, print, decor, decorative, ornament, digital paper, scrapbooking, wildflower, daisy, daisies, wildflowers, meadow, field, botanical, natural, countryside, cottage, rustic, garden flowers, spring meadow, folk, prairie, flat design, vector, vector art, vector illustration, flat style, modern design, graphic design, clean lines, minimalist, digital art, clipart, simple, earth tones, terracotta, sage, brown, natural colors",Patterns,Not Required
stock_0012_pattern_floral.png,Wildflowers And Daisies Watercolor Seamless Pattern - Pastel Variant,"seamless pattern, seamless, pattern, tileable, repeating, background, textile, fabric, wallpaper, wrapping paper, surface design, print, decor, decorative, ornament, digital paper, scrapbooking, wildflower, daisy, daisies, wildflowers, meadow, field, botanical, natural, countryside, cottage, rustic, garden flowers, spring meadow, folk, prairie, watercolor, watercolour, hand painted, artistic, soft, gentle, pastel, aquarelle, painting, brushstroke, texture, traditional art, pastel colors, soft colors, light, pale, pink",Patterns,Not Required
stock_0013_pattern_floral.png,Wildflowers And Daisies Watercolor Seamless Pattern - Navy Variant,"seamless pattern, seamless, pattern, tileable, repeating, background, textile, fabric, wallpaper, wrapping paper, surface design, print, decor, decorative, ornament, digital paper, scrapbooking, wildflower, daisy, daisies, wildflowers, meadow, field, botanical, natural, countryside, cottage, rustic, garden flowers, spring meadow, folk, prairie, watercolor, watercolour, hand painted, artistic, soft, gentle, pastel, aquarelle, painting, brushstroke, texture, traditional art, navy, navy blue, dark blue, gold, luxury",Patterns,Not Required
stock_0014_pattern_floral.png,Wildflowers And Daisies Watercolor Seamless Pattern - Earth Variant,"seamless pattern, seamless, pattern, tileable, repeating, background, textile, fabric, wallpaper, wrapping paper, surface design, print, decor, decorative, ornament, digital paper, scrapbooking, wildflower, daisy, daisies, wildflowers, meadow, field, botanical, natural, countryside, cottage, rustic, garden flowers, spring meadow, folk, prairie, watercolor, watercolour, hand painted, artistic, soft, gentle, pastel, aquarelle, painting, brushstroke, texture, traditional art, earth tones, terracotta, sage, brown, natural colors",Patterns,Not Required
stock_0015_pattern_floral.png,Wildflowers And Daisies Hand-Drawn Sketch Seamless Pattern - Pastel Variant,"seamless pattern, seamless, pattern, tileable, repeating, background, textile, fabric, wallpaper, wrapping paper, surface design, print, decor, decorative, ornament, digital paper, scrapbooking, wildflower, daisy, daisies, wildflowers, meadow, field, botanical, natural, countryside, cottage, rustic, garden flowers, spring meadow, folk, prairie, hand drawn, sketch, line art, ink, doodle, illustration, pencil, drawing, artistic, handmade, organic, freehand, pastel, pastel colors, soft colors, light, pale",Patterns,Not Required
stock_0016_pattern_floral.png,Wildflowers And Daisies Hand-Drawn Sketch Seamless Pattern - Navy Variant,"seamless pattern, seamless, pattern, tileable, repeating, background, textile, fabric, wallpaper, wrapping paper, surface design, print, decor, decorative, ornament, digital paper, scrapbooking, wildflower, daisy, daisies, wildflowers, meadow, field, botanical, natural, countryside, cottage, rustic, garden flowers, spring meadow, folk, prairie, hand drawn, sketch, line art, ink, doodle, illustration, pencil, drawing, artistic, handmade, organic, freehand, navy, navy blue, dark blue, gold, luxury",Patterns,Not Required
stock_0017_pattern_floral.png,Wildflowers And Daisies Hand-Drawn Sketch Seamless Pattern - Earth Variant,"seamless pattern, seamless, pattern, tileable, repeating, background, textile, fabric, wallpaper, wrapping paper, surface design, print, decor, decorative, ornament, digital paper, scrapbooking, wildflower, daisy, daisies, wildflowers, meadow, field, botanical, natural, countryside, cottage, rustic, garden flowers, spring meadow, folk, prairie, hand drawn, sketch, line art, ink, doodle, illustration, pencil, drawing, artistic, handmade, organic, freehand, earth tones, terracotta, sage, brown, natural colors",Patterns,Not Required
stock_0018_pattern_floral.png,Tropical Hibiscus Flat Vector Seamless Pattern - Pastel Variant,"seamless pattern, seamless, pattern, tileable, repeating, background, textile, fabric, wallpaper, wrapping paper, surface design, print, decor, decorative, ornament, digital paper, scrapbooking, hibiscus, tropical, hawaiian, exotic, paradise, tropical flower, island, summer, beach, aloha, tropical plant, jungle, lush, vacation, resort, flat design, vector, vector art, vector illustration, flat style, modern design, graphic design, clean lines, minimalist, digital art, clipart, simple, pastel, pastel colors, soft colors, light, pale",Patterns,Not Required
stock_0019_pattern_floral.png,Tropical Hibiscus Flat Vector Seamless Pattern - Navy Variant,"seamless pattern, seamless, pattern, tileable, repeating, background, textile, fabric, wallpaper, wrapping paper, surface design, print, decor, decorative, ornament, digital paper, scrapbooking, hibiscus, tropical, hawaiian, exotic, paradise, tropical flower, island, summer, beach, aloha, tropical plant, jungle, lush, vacation, resort, flat design, vector, vector art, vector illustration, flat style, modern design, graphic design, clean lines, minimalist, digital art, clipart, simple, navy, navy blue, dark blue, gold, luxury",Patterns,Not Required
stock_0020_pattern_floral.png,Tropical Hibiscus Flat Vector Seamless Pattern - Earth Variant,"seamless pattern, seamless, pattern, tileable, repeating, background, textile, fabric, wallpaper, wrapping paper, surface design, print, decor, decorative, ornament, digital paper, scrapbooking, hibiscus, tropical, hawaiian, exotic, paradise, tropical flower, island, summer, beach, aloha, tropical plant, jungle, lush, vacation, resort, flat design, vector, vector art, vector illustration, flat style, modern design, graphic design, clean lines, minimalist, digital art, clipart, simple, earth tones, terracotta, sage, brown, natural colors",Patterns,Not Required
stock_0021_pattern_floral.png,Tropical Hibiscus Watercolor Seamless Pattern - Pastel Variant,"seamless pattern, seamless, pattern, tileable, repeating, background, textile, fabric, wallpaper, wrapping paper, surface design, print, decor, decorative, ornament, digital paper, scrapbooking, hibiscus, tropical, hawaiian, exotic, paradise, tropical flower, island, summer, beach, aloha, tropical plant, jungle, lush, vacation, resort, watercolor, watercolour, hand painted, artistic, soft, gentle, pastel, aquarelle, painting, brushstroke, texture, traditional art, pastel colors, soft colors, light, pale, pink",Patterns,Not Required
stock_0022_pattern_floral.png,Tropical Hibiscus Watercolor Seamless Pattern - Navy Variant,"seamless pattern, seamless, pattern, tileable, repeating, background, textile, fabric, wallpaper, wrapping paper, surface design, print, decor, decorative, ornament, digital paper, scrapbooking, hibiscus, tropical, hawaiian, exotic, paradise, tropical flower, island, summer, beach, aloha, tropical plant, jungle, lush, vacation, resort, watercolor, watercolour, hand painted, artistic, soft, gentle, pastel, aquarelle, painting, brushstroke, texture, traditional art, navy, navy blue, dark blue, gold, luxury",Patterns,Not Required
stock_0023_pattern_floral.png,Tropical Hibiscus Watercolor Seamless Pattern - Earth Variant,"seamless pattern, seamless, pattern, tileable, repeating, background, textile, fabric, wallpaper, wrapping paper, surface design, print, decor, decorative, ornament, digital paper, scrapbooking, hibiscus, tropical, hawaiian, exotic, paradise, tropical flower, island, summer, beach, aloha, tropical plant, jungle, lush, vacation, resort, watercolor, watercolour, hand painted, artistic, soft, gentle, pastel, aquarelle, painting, brushstroke, texture, traditional art, earth tones, terracotta, sage, brown, natural colors",Patterns,Not Required
stock_0024_pattern_floral.png,Tropical Hibiscus Hand-Drawn Sketch Seamless Pattern - Pastel Variant,"seamless pattern, seamless, pattern, tileable, repeating, background, textile, fabric, wallpaper, wrapping paper, surface design, print, decor, decorative, ornament, digital paper, scrapbooking, hibiscus, tropical, hawaiian, exotic, paradise, tropical flower, island, summer, beach, aloha, tropical plant, jungle, lush, vacation, resort, hand drawn, sketch, line art, ink, doodle, illustration, pencil, drawing, artistic, handmade, organic, freehand, pastel, pastel colors, soft colors, light, pale",Patterns,Not Required
stock_0025_pattern_floral.png,Tropical Hibiscus Hand-Drawn Sketch Seamless Pattern - Navy Variant,"seamless pattern, seamless, pattern, tileable, repeating, background, textile, fabric, wallpaper, wrapping paper, surface design, print, decor, decorative, ornament, digital paper, scrapbooking, hibiscus, tropical, hawaiian, exotic, paradise, tropical flower, island, summer, beach, aloha, tropical plant, jungle, lush, vacation, resort, hand drawn, sketch, line art, ink, doodle, illustration, pencil, drawing, artistic, handmade, organic, freehand, navy, navy blue, dark blue, gold, luxury",Patterns,Not Required
stock_0026_pattern_floral.png,Tropical Hibiscus Hand-Drawn Sketch Seamless Pattern - Earth Variant,"seamless pattern, seamless, pattern, tileable, repeating, background, textile, fabric, wallpaper, wrapping paper, surface design, print, decor, decorative, ornament, digital paper, scrapbooking, hibiscus, tropical, hawaiian, exotic, paradise, tropical flower, island, summer, beach, aloha, tropical plant, jungle, lush, vacation, resort, hand drawn, sketch, line art, ink, doodle, illustration, pencil, drawing, artistic, handmade, organic, freehand, earth tones, terracotta, sage, brown, natural colors",Patterns,Not Required
stock_0027_pattern_floral.png,Cherry Blossom Sakura Flat Vector Seamless Pattern - Pastel Variant,"seamless pattern, seamless, pattern, tileable, repeating, background, textile, fabric, wallpaper, wrapping paper, surface design, print, decor, decorative, ornament, digital paper, scrapbooking, cherry blossom, sakura, japanese, spring, cherry tree, hanami, japan, oriental, asian, zen, delicate, pink blossom, petal, spring bloom, flowering tree, flat design, vector, vector art, vector illustration, flat style, modern design, graphic design, clean lines, minimalist, digital art, clipart, simple, pastel, pastel colors, soft colors, light, pale",Patterns,Not Required
stock_0028_pattern_floral.png,Cherry Blossom Sakura Flat Vector Seamless Pattern - Navy Variant,"seamless pattern, seamless, pattern, tileable, repeating, background, textile, fabric, wallpaper, wrapping paper, surface design, print, decor, decorative, ornament, digital paper, scrapbooking, cherry blossom, sakura, japanese, spring, cherry tree, hanami, japan, oriental, asian, zen, delicate, pink blossom, petal, spring bloom, flowering tree, flat design, vector, vector art, vector illustration, flat style, modern design, graphic design, clean lines, minimalist, digital art, clipart, simple, navy, navy blue, dark blue, gold, luxury",Patterns,Not Required
stock_0029_pattern_floral.png,Cherry Blossom Sakura Flat Vector Seamless Pattern - Earth Variant,"seamless pattern, seamless, pattern, tileable, repeating, background, textile, fabric, wallpaper, wrapping paper, surface design, print, decor, decorative, ornament, digital paper, scrapbooking, cherry blossom, sakura, japanese, spring, cherry tree, hanami, japan, oriental, asian, zen, delicate, pink blossom, petal, spring bloom, flowering tree, flat design, vector, vector art, vector illustration, flat style, modern design, graphic design, clean lines, minimalist, digital art, clipart, simple, earth tones, terracotta, sage, brown, natural colors",Patterns,Not Required
stock_0030_pattern_floral.png,Cherry Blossom Sakura Watercolor Seamless Pattern - Pastel Variant,"seamless pattern, seamless, pattern, tileable, repeating, background, textile, fabric, wallpaper, wrapping paper, surface design, print, decor, decorative, ornament, digital paper, scrapbooking, cherry blossom, sakura, japanese, spring, cherry tree, hanami, japan, oriental, asian, zen, delicate, pink blossom, petal, spring bloom, flowering tree, watercolor, watercolour, hand painted, artistic, soft, gentle, pastel, aquarelle, painting, brushstroke, texture, traditional art, pastel colors, soft colors, light, pale, pink",Patterns,Not Required
stock_0031_pattern_floral.png,Cherry Blossom Sakura Watercolor Seamless Pattern - Navy Variant,"seamless pattern, seamless, pattern, tileable, repeating, background, textile, fabric, wallpaper, wrapping paper, surface design, print, decor, decorative, ornament, digital paper, scrapbooking, cherry blossom, sakura, japanese, spring, cherry tree, hanami, japan, oriental, asian, zen, delicate, pink blossom, petal, spring bloom, flowering tree, watercolor, watercolour, hand painted, artistic, soft, gentle, pastel, aquarelle, painting, brushstroke, texture, traditional art, navy, navy blue, dark blue, gold, luxury",Patterns,Not Required
stock_0032_pattern_floral.png,Cherry Blossom Sakura Watercolor Seamless Pattern - Earth Variant,"seamless pattern, seamless, pattern, tileable, repeating, background, textile, fabric, wallpaper, wrapping paper, surface design, print, decor, decorative, ornament, digital paper, scrapbooking, cherry blossom, sakura, japanese, spring, cherry tree, hanami, japan, oriental, asian, zen, delicate, pink blossom, petal, spring bloom, flowering tree, watercolor, watercolour, hand painted, artistic, soft, gentle, pastel, aquarelle, painting, brushstroke, texture, traditional art, earth tones, terracotta, sage, brown, natural colors",Patterns,Not Required
stock_0033_pattern_floral.png,Cherry Blossom Sakura Hand-Drawn Sketch Seamless Pattern - Pastel Variant,"seamless pattern, seamless, pattern, tileable, repeating, background, textile, fabric, wallpaper, wrapping paper, surface design, print, decor, decorative, ornament, digital paper, scrapbooking, cherry blossom, sakura, japanese, spring, cherry tree, hanami, japan, oriental, asian, zen, delicate, pink blossom, petal, spring bloom, flowering tree, hand drawn, sketch, line art, ink, doodle, illustration, pencil, drawing, artistic, handmade, organic, freehand, pastel, pastel colors, soft colors, light, pale",Patterns,Not Required
stock_0034_pattern_floral.png,Cherry Blossom Sakura Hand-Drawn Sketch Seamless Pattern - Navy Variant,"seamless pattern, seamless, pattern, tileable, repeating, background, textile, fabric, wallpaper, wrapping paper, surface design, print, decor, decorative, ornament, digital paper, scrapbooking, cherry blossom, sakura, japanese, spring, cherry tree, hanami, japan, oriental, asian, zen, delicate, pink blossom, petal, spring bloom, flowering tree, hand drawn, sketch, line art, ink, doodle, illustration, pencil, drawing, artistic, handmade, organic, freehand, navy, navy blue, dark blue, gold, luxury",Patterns,Not Required
stock_0035_pattern_floral.png,Cherry Blossom Sakura Hand-Drawn Sketch Seamless Pattern - Earth Variant,"seamless pattern, seamless, pattern, tileable, repeating, background, textile, fabric, wallpaper, wrapping paper, surface design, print, decor, decorative, ornament, digital paper, scrapbooking, cherry blossom, sakura, japanese, spring, cherry tree, hanami, japan, oriental, asian, zen, delicate, pink blossom, petal, spring bloom, flowering tree, hand drawn, sketch, line art, ink, doodle, illustration, pencil, drawing, artistic, handmade, organic, freehand, earth tones, terracotta, sage, brown, natural colors",Patterns,Not Required
stock_0036_pattern_floral.png,Sunflowers Flat Vector Seamless Pattern - Pastel Variant,"seamless pattern, seamless, pattern, tileable, repeating, background, textile, fabric, wallpaper, wrapping paper, surface design, print, decor, decorative, ornament, digital paper, scrapbooking, sunflower, sunflowers, sun, sunny, harvest, autumn, fall, farm, country, golden, yellow flower, seed, garden, cheerful, bright, flat design, vector, vector art, vector illustration, flat style, modern design, graphic design, clean lines, minimalist, digital art, clipart, simple, pastel, pastel colors, soft colors, light, pale",Patterns,Not Required
stock_0037_pattern_floral.png,Sunflowers Flat Vector Seamless Pattern - Navy Variant,"seamless pattern, seamless, pattern, tileable, repeating, background, textile, fabric, wallpaper, wrapping paper, surface design, print, decor, decorative, ornament, digital paper, scrapbooking, sunflower, sunflowers, sun, sunny, harvest, autumn, fall, farm, country, golden, yellow flower, seed, garden, cheerful, bright, flat design, vector, vector art, vector illustration, flat style, modern design, graphic design, clean lines, minimalist, digital art, clipart, simple, navy, navy blue, dark blue, gold, luxury",Patterns,Not Required
stock_0038_pattern_floral.png,Sunflowers Flat Vector Seamless Pattern - Earth Variant,"seamless pattern, seamless, pattern, tileable, repeating, background, textile, fabric, wallpaper, wrapping paper, surface design, print, decor, decorative, ornament, digital paper, scrapbooking, sunflower, sunflowers, sun, sunny, harvest, autumn, fall, farm, country, golden, yellow flower, seed, garden, cheerful, bright, flat design, vector, vector art, vector illustration, flat style, modern design, graphic design, clean lines, minimalist, digital art, clipart, simple, earth tones, terracotta, sage, brown, natural colors",Patterns,Not Required
stock_0039_pattern_floral.png,Sunflowers Watercolor Seamless Pattern - Pastel Variant,"seamless pattern, seamless, pattern, tileable, repeating, background, textile, fabric, wallpaper, wrapping paper, surface design, print, decor, decorative, ornament, digital paper, scrapbooking, sunflower, sunflowers, sun, sunny, harvest, autumn, fall, farm, country, golden, yellow flower, seed, garden, cheerful, bright, watercolor, watercolour, hand painted, artistic, soft, gentle, pastel, aquarelle, painting, brushstroke, texture, traditional art, pastel colors, soft colors, light, pale, pink",Patterns,Not Required
stock_0040_pattern_floral.png,Sunflowers Watercolor Seamless Pattern - Navy Variant,"seamless pattern, seamless, pattern, tileable, repeating, background, textile, fabric, wallpaper, wrapping paper, surface design, print, decor, decorative, ornament, digital paper, scrapbooking, sunflower, sunflowers, sun, sunny, harvest, autumn, fall, farm, country, golden, yellow flower, seed, garden, cheerful, bright, watercolor, watercolour, hand painted, artistic, soft, gentle, pastel, aquarelle, painting, brushstroke, texture, traditional art, navy, navy blue, dark blue, gold, luxury",Patterns,Not Required
stock_0041_pattern_floral.png,Sunflowers Watercolor Seamless Pattern - Earth Variant,"seamless pattern, seamless, pattern, tileable, repeating, background, textile, fabric, wallpaper, wrapping paper, surface design, print, decor, decorative, ornament, digital paper, scrapbooking, sunflower, sunflowers, sun, sunny, harvest, autumn, fall, farm, country, golden, yellow flower, seed, garden, cheerful, bright, watercolor, watercolour, hand painted, artistic, soft, gentle, pastel, aquarelle, painting, brushstroke, texture, traditional art, earth tones, terracotta, sage, brown, natural colors",Patterns,Not Required
stock_0042_pattern_floral.png,Sunflowers Hand-Drawn Sketch Seamless Pattern - Pastel Variant,"seamless pattern, seamless, pattern, tileable, repeating, background, textile, fabric, wallpaper, wrapping paper, surface design, print, decor, decorative, ornament, digital paper, scrapbooking, sunflower, sunflowers, sun, sunny, harvest, autumn, fall, farm, country, golden, yellow flower, seed, garden, cheerful, bright, hand drawn, sketch, line art, ink, doodle, illustration, pencil, drawing, artistic, handmade, organic, freehand, pastel, pastel colors, soft colors, light, pale",Patterns,Not Required
stock_0043_pattern_floral.png,Sunflowers Hand-Drawn Sketch Seamless Pattern - Navy Variant,"seamless pattern, seamless, pattern, tileable, repeating, background, textile, fabric, wallpaper, wrapping paper, surface design, print, decor, decorative, ornament, digital paper, scrapbooking, sunflower, sunflowers, sun, sunny, harvest, autumn, fall, farm, country, golden, yellow flower, seed, garden, cheerful, bright, hand drawn, sketch, line art, ink, doodle, illustration, pencil, drawing, artistic, handmade, organic, freehand, navy, navy blue, dark blue, gold, luxury",Patterns,Not Required
stock_0044_pattern_floral.png,Sunflowers Hand-Drawn Sketch Seamless Pattern - Earth Variant,"seamless pattern, seamless, pattern, tileable, repeating, background, textile, fabric, wallpaper, wrapping paper, surface design, print, decor, decorative, ornament, digital paper, scrapbooking, sunflower, sunflowers, sun, sunny, harvest, autumn, fall, farm, country, golden, yellow flower, seed, garden, cheerful, bright, hand drawn, sketch, line art, ink, doodle, illustration, pencil, drawing, artistic, handmade, organic, freehand, earth tones, terracotta, sage, brown, natural colors",Patterns,Not Required
stock_0045_pattern_floral.png,Lavender Sprigs Flat Vector Seamless Pattern - Pastel Variant,"seamless pattern, seamless, pattern, tileable, repeating, background, textile, fabric, wallpaper, wrapping paper, surface design, print, decor, decorative, ornament, digital paper, scrapbooking, lavender, herb, herbal, provence, french, purple flower, aromatherapy, calm, relaxing, spa, field, scented, botanical herb, medicinal, natural, flat design, vector, vector art, vector illustration, flat style, modern design, graphic design, clean lines, minimalist, digital art, clipart, simple, pastel, pastel colors, soft colors, light, pale",Patterns,Not Required
stock_0046_pattern_floral.png,Lavender Sprigs Flat Vector Seamless Pattern - Navy Variant,"seamless pattern, seamless, pattern, tileable, repeating, background, textile, fabric, wallpaper, wrapping paper, surface design, print, decor, decorative, ornament, digital paper, scrapbooking, lavender, herb, herbal, provence, french, purple flower, aromatherapy, calm, relaxing, spa, field, scented, botanical herb, medicinal, natural, flat design, vector, vector art, vector illustration, flat style, modern design, graphic design, clean lines, minimalist, digital art, clipart, simple, navy, navy blue, dark blue, gold, luxury",Patterns,Not Required
stock_0047_pattern_floral.png,Lavender Sprigs Flat Vector Seamless Pattern - Earth Variant,"seamless pattern, seamless, pattern, tileable, repeating, background, textile, fabric, wallpaper, wrapping paper, surface design, print, decor, decorative, ornament, digital paper, scrapbooking, lavender, herb, herbal, provence, french, purple flower, aromatherapy, calm, relaxing, spa, field, scented, botanical herb, medicinal, natural, flat design, vector, vector art, vector illustration, flat style, modern design, graphic design, clean lines, minimalist, digital art, clipart, simple, earth tones, terracotta, sage, brown, natural colors",Patterns,Not Required
stock_0048_pattern_floral.png,Lavender Sprigs Watercolor Seamless Pattern - Pastel Variant,"seamless pattern, seamless, pattern, tileable, repeating, background, textile, fabric, wallpaper, wrapping paper, surface design, print, decor, decorative, ornament, digital paper, scrapbooking, lavender, herb, herbal, provence, french, purple flower, aromatherapy, calm, relaxing, spa, field, scented, botanical herb, medicinal, natural, watercolor, watercolour, hand painted, artistic, soft, gentle, pastel, aquarelle, painting, brushstroke, texture, traditional art, pastel colors, soft colors, light, pale, pink",Patterns,Not Required
stock_0049_pattern_floral.png,Lavender Sprigs Watercolor Seamless Pattern - Navy Variant,"seamless pattern, seamless, pattern, tileable, repeating, background, textile, fabric, wallpaper, wrapping paper, surface design, print, decor, decorative, ornament, digital paper, scrapbooking, lavender, herb, herbal, provence, french, purple flower, aromatherapy, calm, relaxing, spa, field, scented, botanical herb, medicinal, natural, watercolor, watercolour, hand painted, artistic, soft, gentle, pastel, aquarelle, painting, brushstroke, texture, traditional art, navy, navy blue, dark blue, gold, luxury",Patterns,Not Required
